"country","standard","status"
"Angola","Seat-belts","No"
"Angola","Seat-belt anchorages","No"
"Angola","Frontal impact","No"
"Angola","Side impact","No"
"Angola","Electronic stability control","No"
"Angola","Pedestrian protection","No"
"Angola","Child seats","No"
"Angola","Motorcycle","No"
"Burundi","Seat-belts","No"
"Burundi","Seat-belt anchorages","No"
"Burundi","Frontal impact","No"
"Burundi","Side impact","No"
"Burundi","Electronic stability control","No"
"Burundi","Pedestrian protection","No"
"Burundi","Child seats","No"
"Burundi","Motorcycle","No"
"Benin","Seat-belts","No"
"Benin","Seat-belt anchorages","No"
"Benin","Frontal impact","No"
"Benin","Side impact","No"
"Benin","Electronic stability control","No"
"Benin","Pedestrian protection","No"
"Benin","Child seats","No"
"Benin","Motorcycle","No"
"Burkina Faso","Seat-belts","No"
"Burkina Faso","Seat-belt anchorages","No"
"Burkina Faso","Frontal impact","No"
"Burkina Faso","Side impact","No"
"Burkina Faso","Electronic stability control","No"
"Burkina Faso","Pedestrian protection","No"
"Burkina Faso","Child seats","No"
"Burkina Faso","Motorcycle","No"
"Botswana","Seat-belts","No"
"Botswana","Seat-belt anchorages","No"
"Botswana","Frontal impact","No"
"Botswana","Side impact","No"
"Botswana","Electronic stability control","No"
"Botswana","Pedestrian protection","No"
"Botswana","Child seats","No"
"Botswana","Motorcycle","No"
"Central African Republic","Seat-belts","No"
"Central African Republic","Seat-belt anchorages","No"
"Central African Republic","Frontal impact","No"
"Central African Republic","Side impact","No"
"Central African Republic","Electronic stability control","No"
"Central African Republic","Pedestrian protection","No"
"Central African Republic","Child seats","No"
"Central African Republic","Motorcycle","No"
"Cote d'Ivoire","Seat-belts","No"
"Cote d'Ivoire","Seat-belt anchorages","No"
"Cote d'Ivoire","Frontal impact","No"
"Cote d'Ivoire","Side impact","No"
"Cote d'Ivoire","Electronic stability control","No"
"Cote d'Ivoire","Pedestrian protection","No"
"Cote d'Ivoire","Child seats","No"
"Cote d'Ivoire","Motorcycle","No"
"Cameroon","Seat-belts","No"
"Cameroon","Seat-belt anchorages","No"
"Cameroon","Frontal impact","No"
"Cameroon","Side impact","No"
"Cameroon","Electronic stability control","No"
"Cameroon","Pedestrian protection","No"
"Cameroon","Child seats","No"
"Cameroon","Motorcycle","No"
"Democratic Republic of the Congo","Seat-belts","No"
"Democratic Republic of the Congo","Seat-belt anchorages","No"
"Democratic Republic of the Congo","Frontal impact","No"
"Democratic Republic of the Congo","Side impact","No"
"Democratic Republic of the Congo","Electronic stability control","No"
"Democratic Republic of the Congo","Pedestrian protection","No"
"Democratic Republic of the Congo","Child seats","No"
"Democratic Republic of the Congo","Motorcycle","No"
"Congo","Seat-belts","No"
"Congo","Seat-belt anchorages","No"
"Congo","Frontal impact","No"
"Congo","Side impact","No"
"Congo","Electronic stability control","No"
"Congo","Pedestrian protection","No"
"Congo","Child seats","No"
"Congo","Motorcycle","No"
"Comoros","Seat-belts","No"
"Comoros","Seat-belt anchorages","No"
"Comoros","Frontal impact","No"
"Comoros","Side impact","No"
"Comoros","Electronic stability control","No"
"Comoros","Pedestrian protection","No"
"Comoros","Child seats","No"
"Comoros","Motorcycle","No"
"Cabo Verde","Seat-belts","No"
"Cabo Verde","Seat-belt anchorages","No"
"Cabo Verde","Frontal impact","No"
"Cabo Verde","Side impact","No"
"Cabo Verde","Electronic stability control","No"
"Cabo Verde","Pedestrian protection","No"
"Cabo Verde","Child seats","No"
"Cabo Verde","Motorcycle","No"
"Eritrea","Seat-belts","No"
"Eritrea","Seat-belt anchorages","No"
"Eritrea","Frontal impact","No"
"Eritrea","Side impact","No"
"Eritrea","Electronic stability control","No"
"Eritrea","Pedestrian protection","No"
"Eritrea","Child seats","No"
"Eritrea","Motorcycle","No"
"Ethiopia","Seat-belts","No"
"Ethiopia","Seat-belt anchorages","No"
"Ethiopia","Frontal impact","No"
"Ethiopia","Side impact","No"
"Ethiopia","Electronic stability control","No"
"Ethiopia","Pedestrian protection","No"
"Ethiopia","Child seats","No"
"Ethiopia","Motorcycle","No"
"Gabon","Seat-belts","No"
"Gabon","Seat-belt anchorages","No"
"Gabon","Frontal impact","No"
"Gabon","Side impact","No"
"Gabon","Electronic stability control","No"
"Gabon","Pedestrian protection","No"
"Gabon","Child seats","No"
"Gabon","Motorcycle","No"
"Ghana","Seat-belts","No"
"Ghana","Seat-belt anchorages","No"
"Ghana","Frontal impact","No"
"Ghana","Side impact","No"
"Ghana","Electronic stability control","No"
"Ghana","Pedestrian protection","No"
"Ghana","Child seats","No"
"Ghana","Motorcycle","No"
"Guinea","Seat-belts","No"
"Guinea","Seat-belt anchorages","No"
"Guinea","Frontal impact","No"
"Guinea","Side impact","No"
"Guinea","Electronic stability control","No"
"Guinea","Pedestrian protection","No"
"Guinea","Child seats","No"
"Guinea","Motorcycle","No"
"Gambia","Seat-belts","No"
"Gambia","Seat-belt anchorages","No"
"Gambia","Frontal impact","No"
"Gambia","Side impact","No"
"Gambia","Electronic stability control","No"
"Gambia","Pedestrian protection","No"
"Gambia","Child seats","No"
"Gambia","Motorcycle","No"
"Guinea-Bissau","Seat-belts","No"
"Guinea-Bissau","Seat-belt anchorages","No"
"Guinea-Bissau","Frontal impact","No"
"Guinea-Bissau","Side impact","No"
"Guinea-Bissau","Electronic stability control","No"
"Guinea-Bissau","Pedestrian protection","No"
"Guinea-Bissau","Child seats","No"
"Guinea-Bissau","Motorcycle","No"
"Equatorial Guinea","Seat-belts","No"
"Equatorial Guinea","Seat-belt anchorages","No"
"Equatorial Guinea","Frontal impact","No"
"Equatorial Guinea","Side impact","No"
"Equatorial Guinea","Electronic stability control","No"
"Equatorial Guinea","Pedestrian protection","No"
"Equatorial Guinea","Child seats","No"
"Equatorial Guinea","Motorcycle","No"
"Kenya","Seat-belts","No"
"Kenya","Seat-belt anchorages","No"
"Kenya","Frontal impact","No"
"Kenya","Side impact","No"
"Kenya","Electronic stability control","No"
"Kenya","Pedestrian protection","No"
"Kenya","Child seats","No"
"Kenya","Motorcycle","No"
"Liberia","Seat-belts","No"
"Liberia","Seat-belt anchorages","No"
"Liberia","Frontal impact","No"
"Liberia","Side impact","No"
"Liberia","Electronic stability control","No"
"Liberia","Pedestrian protection","No"
"Liberia","Child seats","No"
"Liberia","Motorcycle","No"
"Lesotho","Seat-belts","No"
"Lesotho","Seat-belt anchorages","No"
"Lesotho","Frontal impact","No"
"Lesotho","Side impact","No"
"Lesotho","Electronic stability control","No"
"Lesotho","Pedestrian protection","No"
"Lesotho","Child seats","No"
"Lesotho","Motorcycle","No"
"Madagascar","Seat-belts","No"
"Madagascar","Seat-belt anchorages","No"
"Madagascar","Frontal impact","No"
"Madagascar","Side impact","No"
"Madagascar","Electronic stability control","No"
"Madagascar","Pedestrian protection","No"
"Madagascar","Child seats","No"
"Madagascar","Motorcycle","No"
"Mali","Seat-belts","No"
"Mali","Seat-belt anchorages","No"
"Mali","Frontal impact","No"
"Mali","Side impact","No"
"Mali","Electronic stability control","No"
"Mali","Pedestrian protection","No"
"Mali","Child seats","No"
"Mali","Motorcycle","No"
"Mozambique","Seat-belts","No"
"Mozambique","Seat-belt anchorages","No"
"Mozambique","Frontal impact","No"
"Mozambique","Side impact","No"
"Mozambique","Electronic stability control","No"
"Mozambique","Pedestrian protection","No"
"Mozambique","Child seats","No"
"Mozambique","Motorcycle","No"
"Mauritania","Seat-belts","No"
"Mauritania","Seat-belt anchorages","No"
"Mauritania","Frontal impact","No"
"Mauritania","Side impact","No"
"Mauritania","Electronic stability control","No"
"Mauritania","Pedestrian protection","No"
"Mauritania","Child seats","No"
"Mauritania","Motorcycle","No"
"Mauritius","Seat-belts","No"
"Mauritius","Seat-belt anchorages","No"
"Mauritius","Frontal impact","No"
"Mauritius","Side impact","No"
"Mauritius","Electronic stability control","No"
"Mauritius","Pedestrian protection","No"
"Mauritius","Child seats","No"
"Mauritius","Motorcycle","No"
"Malawi","Seat-belts","No"
"Malawi","Seat-belt anchorages","No"
"Malawi","Frontal impact","No"
"Malawi","Side impact","No"
"Malawi","Electronic stability control","No"
"Malawi","Pedestrian protection","No"
"Malawi","Child seats","No"
"Malawi","Motorcycle","No"
"Namibia","Seat-belts","No"
"Namibia","Seat-belt anchorages","No"
"Namibia","Frontal impact","No"
"Namibia","Side impact","No"
"Namibia","Electronic stability control","No"
"Namibia","Pedestrian protection","No"
"Namibia","Child seats","No"
"Namibia","Motorcycle","No"
"Niger","Seat-belts","No"
"Niger","Seat-belt anchorages","No"
"Niger","Frontal impact","No"
"Niger","Side impact","No"
"Niger","Electronic stability control","No"
"Niger","Pedestrian protection","No"
"Niger","Child seats","No"
"Niger","Motorcycle","No"
"Nigeria","Seat-belts","No"
"Nigeria","Seat-belt anchorages","No"
"Nigeria","Frontal impact","No"
"Nigeria","Side impact","No"
"Nigeria","Electronic stability control","No"
"Nigeria","Pedestrian protection","No"
"Nigeria","Child seats","No"
"Nigeria","Motorcycle","No"
"Rwanda","Seat-belts","No"
"Rwanda","Seat-belt anchorages","No"
"Rwanda","Frontal impact","No"
"Rwanda","Side impact","No"
"Rwanda","Electronic stability control","No"
"Rwanda","Pedestrian protection","No"
"Rwanda","Child seats","No"
"Rwanda","Motorcycle","No"
"Senegal","Seat-belts","No"
"Senegal","Seat-belt anchorages","No"
"Senegal","Frontal impact","No"
"Senegal","Side impact","No"
"Senegal","Electronic stability control","No"
"Senegal","Pedestrian protection","No"
"Senegal","Child seats","No"
"Senegal","Motorcycle","No"
"South Sudan","Seat-belts","No"
"South Sudan","Seat-belt anchorages","No"
"South Sudan","Frontal impact","No"
"South Sudan","Side impact","No"
"South Sudan","Electronic stability control","No"
"South Sudan","Pedestrian protection","No"
"South Sudan","Child seats","No"
"South Sudan","Motorcycle","No"
"Sao Tome and Principe","Seat-belts","No"
"Sao Tome and Principe","Seat-belt anchorages","No"
"Sao Tome and Principe","Frontal impact","No"
"Sao Tome and Principe","Side impact","No"
"Sao Tome and Principe","Electronic stability control","No"
"Sao Tome and Principe","Pedestrian protection","No"
"Sao Tome and Principe","Child seats","No"
"Sao Tome and Principe","Motorcycle","No"
"Eswatini","Seat-belts","No"
"Eswatini","Seat-belt anchorages","No"
"Eswatini","Frontal impact","No"
"Eswatini","Side impact","No"
"Eswatini","Electronic stability control","No"
"Eswatini","Pedestrian protection","No"
"Eswatini","Child seats","No"
"Eswatini","Motorcycle","No"
"Seychelles","Seat-belts","No"
"Seychelles","Seat-belt anchorages","No"
"Seychelles","Frontal impact","No"
"Seychelles","Side impact","No"
"Seychelles","Electronic stability control","No"
"Seychelles","Pedestrian protection","No"
"Seychelles","Child seats","No"
"Seychelles","Motorcycle","No"
"Chad","Seat-belts","No"
"Chad","Seat-belt anchorages","No"
"Chad","Frontal impact","No"
"Chad","Side impact","No"
"Chad","Electronic stability control","No"
"Chad","Pedestrian protection","No"
"Chad","Child seats","No"
"Chad","Motorcycle","No"
"Togo","Seat-belts","No"
"Togo","Seat-belt anchorages","No"
"Togo","Frontal impact","No"
"Togo","Side impact","No"
"Togo","Electronic stability control","No"
"Togo","Pedestrian protection","No"
"Togo","Child seats","No"
"Togo","Motorcycle","No"
"United Republic of Tanzania","Seat-belts","No"
"United Republic of Tanzania","Seat-belt anchorages","No"
"United Republic of Tanzania","Frontal impact","No"
"United Republic of Tanzania","Side impact","No"
"United Republic of Tanzania","Electronic stability control","No"
"United Republic of Tanzania","Pedestrian protection","No"
"United Republic of Tanzania","Child seats","No"
"United Republic of Tanzania","Motorcycle","No"
"Uganda","Seat-belts","No"
"Uganda","Seat-belt anchorages","No"
"Uganda","Frontal impact","No"
"Uganda","Side impact","No"
"Uganda","Electronic stability control","No"
"Uganda","Pedestrian protection","No"
"Uganda","Child seats","No"
"Uganda","Motorcycle","No"
"South Africa","Seat-belts","No"
"South Africa","Seat-belt anchorages","Yes"
"South Africa","Frontal impact","No"
"South Africa","Side impact","No"
"South Africa","Electronic stability control","Yes"
"South Africa","Pedestrian protection","Yes"
"South Africa","Child seats","Yes"
"South Africa","Motorcycle","No"
"Zimbabwe","Seat-belts","No"
"Zimbabwe","Seat-belt anchorages","No"
"Zimbabwe","Frontal impact","No"
"Zimbabwe","Side impact","No"
"Zimbabwe","Electronic stability control","No"
"Zimbabwe","Pedestrian protection","No"
"Zimbabwe","Child seats","No"
"Zimbabwe","Motorcycle","No"
"Argentina","Seat-belts","Yes"
"Argentina","Seat-belt anchorages","Yes"
"Argentina","Frontal impact","Yes"
"Argentina","Side impact","Yes"
"Argentina","Electronic stability control","No"
"Argentina","Pedestrian protection","No"
"Argentina","Child seats","No"
"Argentina","Motorcycle","No"
"Antigua and Barbuda","Seat-belts","No"
"Antigua and Barbuda","Seat-belt anchorages","No"
"Antigua and Barbuda","Frontal impact","No"
"Antigua and Barbuda","Side impact","No"
"Antigua and Barbuda","Electronic stability control","No"
"Antigua and Barbuda","Pedestrian protection","No"
"Antigua and Barbuda","Child seats","No"
"Antigua and Barbuda","Motorcycle","No"
"Belize","Seat-belts","No"
"Belize","Seat-belt anchorages","No"
"Belize","Frontal impact","No"
"Belize","Side impact","No"
"Belize","Electronic stability control","No"
"Belize","Pedestrian protection","No"
"Belize","Child seats","No"
"Belize","Motorcycle","No"
"Bolivia (Plurinational State of)","Seat-belts","No"
"Bolivia (Plurinational State of)","Seat-belt anchorages","No"
"Bolivia (Plurinational State of)","Frontal impact","No"
"Bolivia (Plurinational State of)","Side impact","No"
"Bolivia (Plurinational State of)","Electronic stability control","No"
"Bolivia (Plurinational State of)","Pedestrian protection","No"
"Bolivia (Plurinational State of)","Child seats","No"
"Bolivia (Plurinational State of)","Motorcycle","No"
"Brazil","Seat-belts","Yes"
"Brazil","Seat-belt anchorages","Yes"
"Brazil","Frontal impact","Yes"
"Brazil","Side impact","No"
"Brazil","Electronic stability control","No"
"Brazil","Pedestrian protection","No"
"Brazil","Child seats","Yes"
"Brazil","Motorcycle","Yes"
"Barbados","Seat-belts","No"
"Barbados","Seat-belt anchorages","No"
"Barbados","Frontal impact","No"
"Barbados","Side impact","No"
"Barbados","Electronic stability control","No"
"Barbados","Pedestrian protection","No"
"Barbados","Child seats","No"
"Barbados","Motorcycle","No"
"Canada","Seat-belts","Yes"
"Canada","Seat-belt anchorages","Yes"
"Canada","Frontal impact","Yes"
"Canada","Side impact","Yes"
"Canada","Electronic stability control","Yes"
"Canada","Pedestrian protection","No"
"Canada","Child seats","Yes"
"Canada","Motorcycle","No"
"Chile","Seat-belts","No"
"Chile","Seat-belt anchorages","No"
"Chile","Frontal impact","No"
"Chile","Side impact","No"
"Chile","Electronic stability control","No"
"Chile","Pedestrian protection","No"
"Chile","Child seats","No"
"Chile","Motorcycle","No"
"Colombia","Seat-belts","No"
"Colombia","Seat-belt anchorages","No"
"Colombia","Frontal impact","No"
"Colombia","Side impact","No"
"Colombia","Electronic stability control","No"
"Colombia","Pedestrian protection","No"
"Colombia","Child seats","No"
"Colombia","Motorcycle","No"
"Costa Rica","Seat-belts","No"
"Costa Rica","Seat-belt anchorages","No"
"Costa Rica","Frontal impact","No"
"Costa Rica","Side impact","No"
"Costa Rica","Electronic stability control","No"
"Costa Rica","Pedestrian protection","No"
"Costa Rica","Child seats","No"
"Costa Rica","Motorcycle","No"
"Cuba","Seat-belts","No"
"Cuba","Seat-belt anchorages","No"
"Cuba","Frontal impact","No"
"Cuba","Side impact","No"
"Cuba","Electronic stability control","No"
"Cuba","Pedestrian protection","No"
"Cuba","Child seats","No"
"Cuba","Motorcycle","No"
"Dominica","Seat-belts","No"
"Dominica","Seat-belt anchorages","No"
"Dominica","Frontal impact","No"
"Dominica","Side impact","No"
"Dominica","Electronic stability control","No"
"Dominica","Pedestrian protection","No"
"Dominica","Child seats","No"
"Dominica","Motorcycle","No"
"Dominican Republic","Seat-belts","No"
"Dominican Republic","Seat-belt anchorages","No"
"Dominican Republic","Frontal impact","No"
"Dominican Republic","Side impact","No"
"Dominican Republic","Electronic stability control","No"
"Dominican Republic","Pedestrian protection","No"
"Dominican Republic","Child seats","No"
"Dominican Republic","Motorcycle","No"
"Ecuador","Seat-belts","Yes"
"Ecuador","Seat-belt anchorages","Yes"
"Ecuador","Frontal impact","Yes"
"Ecuador","Side impact","Yes"
"Ecuador","Electronic stability control","Yes"
"Ecuador","Pedestrian protection","No"
"Ecuador","Child seats","No"
"Ecuador","Motorcycle","No"
"Grenada","Seat-belts","No"
"Grenada","Seat-belt anchorages","No"
"Grenada","Frontal impact","No"
"Grenada","Side impact","No"
"Grenada","Electronic stability control","No"
"Grenada","Pedestrian protection","No"
"Grenada","Child seats","No"
"Grenada","Motorcycle","No"
"Guatemala","Seat-belts","No"
"Guatemala","Seat-belt anchorages","No"
"Guatemala","Frontal impact","No"
"Guatemala","Side impact","No"
"Guatemala","Electronic stability control","No"
"Guatemala","Pedestrian protection","No"
"Guatemala","Child seats","No"
"Guatemala","Motorcycle","No"
"Guyana","Seat-belts","No"
"Guyana","Seat-belt anchorages","No"
"Guyana","Frontal impact","No"
"Guyana","Side impact","No"
"Guyana","Electronic stability control","No"
"Guyana","Pedestrian protection","No"
"Guyana","Child seats","No"
"Guyana","Motorcycle","No"
"Honduras","Seat-belts","No"
"Honduras","Seat-belt anchorages","No"
"Honduras","Frontal impact","No"
"Honduras","Side impact","No"
"Honduras","Electronic stability control","No"
"Honduras","Pedestrian protection","No"
"Honduras","Child seats","No"
"Honduras","Motorcycle","No"
"Jamaica","Seat-belts","No"
"Jamaica","Seat-belt anchorages","No"
"Jamaica","Frontal impact","No"
"Jamaica","Side impact","No"
"Jamaica","Electronic stability control","No"
"Jamaica","Pedestrian protection","No"
"Jamaica","Child seats","No"
"Jamaica","Motorcycle","No"
"Saint Lucia","Seat-belts","No"
"Saint Lucia","Seat-belt anchorages","No"
"Saint Lucia","Frontal impact","No"
"Saint Lucia","Side impact","No"
"Saint Lucia","Electronic stability control","No"
"Saint Lucia","Pedestrian protection","No"
"Saint Lucia","Child seats","No"
"Saint Lucia","Motorcycle","No"
"Mexico","Seat-belts","Yes"
"Mexico","Seat-belt anchorages","No"
"Mexico","Frontal impact","No"
"Mexico","Side impact","No"
"Mexico","Electronic stability control","No"
"Mexico","Pedestrian protection","No"
"Mexico","Child seats","No"
"Mexico","Motorcycle","No"
"Panama","Seat-belts","No"
"Panama","Seat-belt anchorages","No"
"Panama","Frontal impact","No"
"Panama","Side impact","No"
"Panama","Electronic stability control","No"
"Panama","Pedestrian protection","No"
"Panama","Child seats","No"
"Panama","Motorcycle","No"
"Peru","Seat-belts","No"
"Peru","Seat-belt anchorages","No"
"Peru","Frontal impact","No"
"Peru","Side impact","No"
"Peru","Electronic stability control","No"
"Peru","Pedestrian protection","No"
"Peru","Child seats","No"
"Peru","Motorcycle","No"
"Paraguay","Seat-belts","No"
"Paraguay","Seat-belt anchorages","No"
"Paraguay","Frontal impact","No"
"Paraguay","Side impact","No"
"Paraguay","Electronic stability control","No"
"Paraguay","Pedestrian protection","No"
"Paraguay","Child seats","No"
"Paraguay","Motorcycle","No"
"El Salvador","Seat-belts","No"
"El Salvador","Seat-belt anchorages","No"
"El Salvador","Frontal impact","No"
"El Salvador","Side impact","No"
"El Salvador","Electronic stability control","No"
"El Salvador","Pedestrian protection","No"
"El Salvador","Child seats","No"
"El Salvador","Motorcycle","No"
"Suriname","Seat-belts","No"
"Suriname","Seat-belt anchorages","No"
"Suriname","Frontal impact","No"
"Suriname","Side impact","No"
"Suriname","Electronic stability control","No"
"Suriname","Pedestrian protection","No"
"Suriname","Child seats","No"
"Suriname","Motorcycle","No"
"Trinidad and Tobago","Seat-belts","No"
"Trinidad and Tobago","Seat-belt anchorages","No"
"Trinidad and Tobago","Frontal impact","No"
"Trinidad and Tobago","Side impact","No"
"Trinidad and Tobago","Electronic stability control","No"
"Trinidad and Tobago","Pedestrian protection","No"
"Trinidad and Tobago","Child seats","No"
"Trinidad and Tobago","Motorcycle","No"
"Uruguay","Seat-belts","Yes"
"Uruguay","Seat-belt anchorages","Yes"
"Uruguay","Frontal impact","No"
"Uruguay","Side impact","No"
"Uruguay","Electronic stability control","No"
"Uruguay","Pedestrian protection","No"
"Uruguay","Child seats","Yes"
"Uruguay","Motorcycle","No"
"United States of America","Seat-belts","Yes"
"United States of America","Seat-belt anchorages","Yes"
"United States of America","Frontal impact","Yes"
"United States of America","Side impact","Yes"
"United States of America","Electronic stability control","Yes"
"United States of America","Pedestrian protection","No"
"United States of America","Child seats","Yes"
"United States of America","Motorcycle","No"
"Venezuela (Bolivarian Republic of)","Seat-belts","No"
"Venezuela (Bolivarian Republic of)","Seat-belt anchorages","No"
"Venezuela (Bolivarian Republic of)","Frontal impact","No"
"Venezuela (Bolivarian Republic of)","Side impact","No"
"Venezuela (Bolivarian Republic of)","Electronic stability control","No"
"Venezuela (Bolivarian Republic of)","Pedestrian protection","No"
"Venezuela (Bolivarian Republic of)","Child seats","No"
"Venezuela (Bolivarian Republic of)","Motorcycle","No"
"Afghanistan","Seat-belts","No"
"Afghanistan","Seat-belt anchorages","No"
"Afghanistan","Frontal impact","No"
"Afghanistan","Side impact","No"
"Afghanistan","Electronic stability control","No"
"Afghanistan","Pedestrian protection","No"
"Afghanistan","Child seats","No"
"Afghanistan","Motorcycle","No"
"United Arab Emirates","Seat-belts","No"
"United Arab Emirates","Seat-belt anchorages","No"
"United Arab Emirates","Frontal impact","No"
"United Arab Emirates","Side impact","No"
"United Arab Emirates","Electronic stability control","No"
"United Arab Emirates","Pedestrian protection","No"
"United Arab Emirates","Child seats","No"
"United Arab Emirates","Motorcycle","No"
"Egypt","Seat-belts","Yes"
"Egypt","Seat-belt anchorages","Yes"
"Egypt","Frontal impact","Yes"
"Egypt","Side impact","Yes"
"Egypt","Electronic stability control","Yes"
"Egypt","Pedestrian protection","Yes"
"Egypt","Child seats","Yes"
"Egypt","Motorcycle","No"
"Iran (Islamic Republic of)","Seat-belts","No"
"Iran (Islamic Republic of)","Seat-belt anchorages","No"
"Iran (Islamic Republic of)","Frontal impact","No"
"Iran (Islamic Republic of)","Side impact","No"
"Iran (Islamic Republic of)","Electronic stability control","No"
"Iran (Islamic Republic of)","Pedestrian protection","No"
"Iran (Islamic Republic of)","Child seats","No"
"Iran (Islamic Republic of)","Motorcycle","No"
"Iraq","Seat-belts","No"
"Iraq","Seat-belt anchorages","No"
"Iraq","Frontal impact","No"
"Iraq","Side impact","No"
"Iraq","Electronic stability control","No"
"Iraq","Pedestrian protection","No"
"Iraq","Child seats","No"
"Iraq","Motorcycle","No"
"Jordan","Seat-belts","No"
"Jordan","Seat-belt anchorages","No"
"Jordan","Frontal impact","No"
"Jordan","Side impact","No"
"Jordan","Electronic stability control","No"
"Jordan","Pedestrian protection","No"
"Jordan","Child seats","No"
"Jordan","Motorcycle","No"
"Kuwait","Seat-belts","No"
"Kuwait","Seat-belt anchorages","No"
"Kuwait","Frontal impact","No"
"Kuwait","Side impact","No"
"Kuwait","Electronic stability control","No"
"Kuwait","Pedestrian protection","No"
"Kuwait","Child seats","No"
"Kuwait","Motorcycle","No"
"Lebanon","Seat-belts","No"
"Lebanon","Seat-belt anchorages","No"
"Lebanon","Frontal impact","No"
"Lebanon","Side impact","No"
"Lebanon","Electronic stability control","No"
"Lebanon","Pedestrian protection","No"
"Lebanon","Child seats","No"
"Lebanon","Motorcycle","No"
"Libya","Seat-belts","No"
"Libya","Seat-belt anchorages","No"
"Libya","Frontal impact","No"
"Libya","Side impact","No"
"Libya","Electronic stability control","No"
"Libya","Pedestrian protection","No"
"Libya","Child seats","No"
"Libya","Motorcycle","No"
"Morocco","Seat-belts","No"
"Morocco","Seat-belt anchorages","No"
"Morocco","Frontal impact","No"
"Morocco","Side impact","No"
"Morocco","Electronic stability control","No"
"Morocco","Pedestrian protection","No"
"Morocco","Child seats","No"
"Morocco","Motorcycle","No"
"Oman","Seat-belts","No"
"Oman","Seat-belt anchorages","No"
"Oman","Frontal impact","No"
"Oman","Side impact","No"
"Oman","Electronic stability control","No"
"Oman","Pedestrian protection","No"
"Oman","Child seats","No"
"Oman","Motorcycle","No"
"Pakistan","Seat-belts","No"
"Pakistan","Seat-belt anchorages","No"
"Pakistan","Frontal impact","No"
"Pakistan","Side impact","No"
"Pakistan","Electronic stability control","No"
"Pakistan","Pedestrian protection","No"
"Pakistan","Child seats","No"
"Pakistan","Motorcycle","No"
"occupied Palestinian territory, including east Jerusalem","Seat-belts","No"
"occupied Palestinian territory, including east Jerusalem","Seat-belt anchorages","No"
"occupied Palestinian territory, including east Jerusalem","Frontal impact","No"
"occupied Palestinian territory, including east Jerusalem","Side impact","No"
"occupied Palestinian territory, including east Jerusalem","Electronic stability control","No"
"occupied Palestinian territory, including east Jerusalem","Pedestrian protection","No"
"occupied Palestinian territory, including east Jerusalem","Child seats","No"
"occupied Palestinian territory, including east Jerusalem","Motorcycle","No"
"Qatar","Seat-belts","No"
"Qatar","Seat-belt anchorages","No"
"Qatar","Frontal impact","No"
"Qatar","Side impact","No"
"Qatar","Electronic stability control","No"
"Qatar","Pedestrian protection","No"
"Qatar","Child seats","No"
"Qatar","Motorcycle","No"
"Saudi Arabia","Seat-belts","No"
"Saudi Arabia","Seat-belt anchorages","No"
"Saudi Arabia","Frontal impact","No"
"Saudi Arabia","Side impact","No"
"Saudi Arabia","Electronic stability control","No"
"Saudi Arabia","Pedestrian protection","No"
"Saudi Arabia","Child seats","No"
"Saudi Arabia","Motorcycle","No"
"Sudan","Seat-belts","No"
"Sudan","Seat-belt anchorages","No"
"Sudan","Frontal impact","No"
"Sudan","Side impact","No"
"Sudan","Electronic stability control","No"
"Sudan","Pedestrian protection","No"
"Sudan","Child seats","No"
"Sudan","Motorcycle","No"
"Somalia","Seat-belts","No"
"Somalia","Seat-belt anchorages","No"
"Somalia","Frontal impact","No"
"Somalia","Side impact","No"
"Somalia","Electronic stability control","No"
"Somalia","Pedestrian protection","No"
"Somalia","Child seats","No"
"Somalia","Motorcycle","No"
"Syrian Arab Republic","Seat-belts","No"
"Syrian Arab Republic","Seat-belt anchorages","No"
"Syrian Arab Republic","Frontal impact","No"
"Syrian Arab Republic","Side impact","No"
"Syrian Arab Republic","Electronic stability control","No"
"Syrian Arab Republic","Pedestrian protection","No"
"Syrian Arab Republic","Child seats","No"
"Syrian Arab Republic","Motorcycle","No"
"Tunisia","Seat-belts","No"
"Tunisia","Seat-belt anchorages","No"
"Tunisia","Frontal impact","No"
"Tunisia","Side impact","No"
"Tunisia","Electronic stability control","No"
"Tunisia","Pedestrian protection","No"
"Tunisia","Child seats","No"
"Tunisia","Motorcycle","No"
"Albania","Seat-belts","No"
"Albania","Seat-belt anchorages","No"
"Albania","Frontal impact","No"
"Albania","Side impact","No"
"Albania","Electronic stability control","No"
"Albania","Pedestrian protection","No"
"Albania","Child seats","No"
"Albania","Motorcycle","No"
"Armenia","Seat-belts","No"
"Armenia","Seat-belt anchorages","No"
"Armenia","Frontal impact","No"
"Armenia","Side impact","No"
"Armenia","Electronic stability control","No"
"Armenia","Pedestrian protection","No"
"Armenia","Child seats","No"
"Armenia","Motorcycle","No"
"Austria","Seat-belts","Yes"
"Austria","Seat-belt anchorages","Yes"
"Austria","Frontal impact","Yes"
"Austria","Side impact","Yes"
"Austria","Electronic stability control","Yes"
"Austria","Pedestrian protection","Yes"
"Austria","Child seats","Yes"
"Austria","Motorcycle","Yes"
"Azerbaijan","Seat-belts","No"
"Azerbaijan","Seat-belt anchorages","No"
"Azerbaijan","Frontal impact","No"
"Azerbaijan","Side impact","No"
"Azerbaijan","Electronic stability control","No"
"Azerbaijan","Pedestrian protection","No"
"Azerbaijan","Child seats","No"
"Azerbaijan","Motorcycle","No"
"Belgium","Seat-belts","Yes"
"Belgium","Seat-belt anchorages","Yes"
"Belgium","Frontal impact","Yes"
"Belgium","Side impact","Yes"
"Belgium","Electronic stability control","Yes"
"Belgium","Pedestrian protection","Yes"
"Belgium","Child seats","Yes"
"Belgium","Motorcycle","Yes"
"Bulgaria","Seat-belts","Yes"
"Bulgaria","Seat-belt anchorages","Yes"
"Bulgaria","Frontal impact","Yes"
"Bulgaria","Side impact","Yes"
"Bulgaria","Electronic stability control","Yes"
"Bulgaria","Pedestrian protection","Yes"
"Bulgaria","Child seats","Yes"
"Bulgaria","Motorcycle","Yes"
"Bosnia and Herzegovina","Seat-belts","No"
"Bosnia and Herzegovina","Seat-belt anchorages","No"
"Bosnia and Herzegovina","Frontal impact","No"
"Bosnia and Herzegovina","Side impact","No"
"Bosnia and Herzegovina","Electronic stability control","No"
"Bosnia and Herzegovina","Pedestrian protection","No"
"Bosnia and Herzegovina","Child seats","No"
"Bosnia and Herzegovina","Motorcycle","No"
"Belarus","Seat-belts","No"
"Belarus","Seat-belt anchorages","No"
"Belarus","Frontal impact","No"
"Belarus","Side impact","No"
"Belarus","Electronic stability control","No"
"Belarus","Pedestrian protection","No"
"Belarus","Child seats","No"
"Belarus","Motorcycle","No"
"Switzerland","Seat-belts","Yes"
"Switzerland","Seat-belt anchorages","Yes"
"Switzerland","Frontal impact","Yes"
"Switzerland","Side impact","Yes"
"Switzerland","Electronic stability control","Yes"
"Switzerland","Pedestrian protection","Yes"
"Switzerland","Child seats","Yes"
"Switzerland","Motorcycle","Yes"
"Cyprus","Seat-belts","Yes"
"Cyprus","Seat-belt anchorages","Yes"
"Cyprus","Frontal impact","Yes"
"Cyprus","Side impact","Yes"
"Cyprus","Electronic stability control","Yes"
"Cyprus","Pedestrian protection","Yes"
"Cyprus","Child seats","Yes"
"Cyprus","Motorcycle","Yes"
"Czechia","Seat-belts","Yes"
"Czechia","Seat-belt anchorages","Yes"
"Czechia","Frontal impact","Yes"
"Czechia","Side impact","Yes"
"Czechia","Electronic stability control","Yes"
"Czechia","Pedestrian protection","Yes"
"Czechia","Child seats","Yes"
"Czechia","Motorcycle","Yes"
"Germany","Seat-belts","Yes"
"Germany","Seat-belt anchorages","Yes"
"Germany","Frontal impact","Yes"
"Germany","Side impact","Yes"
"Germany","Electronic stability control","Yes"
"Germany","Pedestrian protection","Yes"
"Germany","Child seats","Yes"
"Germany","Motorcycle","Yes"
"Denmark","Seat-belts","Yes"
"Denmark","Seat-belt anchorages","Yes"
"Denmark","Frontal impact","Yes"
"Denmark","Side impact","Yes"
"Denmark","Electronic stability control","Yes"
"Denmark","Pedestrian protection","Yes"
"Denmark","Child seats","Yes"
"Denmark","Motorcycle","Yes"
"Spain","Seat-belts","Yes"
"Spain","Seat-belt anchorages","Yes"
"Spain","Frontal impact","Yes"
"Spain","Side impact","Yes"
"Spain","Electronic stability control","Yes"
"Spain","Pedestrian protection","Yes"
"Spain","Child seats","Yes"
"Spain","Motorcycle","Yes"
"Estonia","Seat-belts","Yes"
"Estonia","Seat-belt anchorages","Yes"
"Estonia","Frontal impact","Yes"
"Estonia","Side impact","Yes"
"Estonia","Electronic stability control","Yes"
"Estonia","Pedestrian protection","Yes"
"Estonia","Child seats","Yes"
"Estonia","Motorcycle","Yes"
"Finland","Seat-belts","Yes"
"Finland","Seat-belt anchorages","Yes"
"Finland","Frontal impact","Yes"
"Finland","Side impact","Yes"
"Finland","Electronic stability control","Yes"
"Finland","Pedestrian protection","Yes"
"Finland","Child seats","Yes"
"Finland","Motorcycle","Yes"
"France","Seat-belts","Yes"
"France","Seat-belt anchorages","Yes"
"France","Frontal impact","Yes"
"France","Side impact","Yes"
"France","Electronic stability control","Yes"
"France","Pedestrian protection","Yes"
"France","Child seats","Yes"
"France","Motorcycle","Yes"
"United Kingdom of Great Britain and Northern Ireland","Seat-belts","Yes"
"United Kingdom of Great Britain and Northern Ireland","Seat-belt anchorages","Yes"
"United Kingdom of Great Britain and Northern Ireland","Frontal impact","Yes"
"United Kingdom of Great Britain and Northern Ireland","Side impact","Yes"
"United Kingdom of Great Britain and Northern Ireland","Electronic stability control","Yes"
"United Kingdom of Great Britain and Northern Ireland","Pedestrian protection","Yes"
"United Kingdom of Great Britain and Northern Ireland","Child seats","Yes"
"United Kingdom of Great Britain and Northern Ireland","Motorcycle","Yes"
"Georgia","Seat-belts","No"
"Georgia","Seat-belt anchorages","No"
"Georgia","Frontal impact","No"
"Georgia","Side impact","No"
"Georgia","Electronic stability control","No"
"Georgia","Pedestrian protection","No"
"Georgia","Child seats","No"
"Georgia","Motorcycle","No"
"Greece","Seat-belts","Yes"
"Greece","Seat-belt anchorages","Yes"
"Greece","Frontal impact","Yes"
"Greece","Side impact","Yes"
"Greece","Electronic stability control","Yes"
"Greece","Pedestrian protection","Yes"
"Greece","Child seats","Yes"
"Greece","Motorcycle","Yes"
"Croatia","Seat-belts","Yes"
"Croatia","Seat-belt anchorages","Yes"
"Croatia","Frontal impact","Yes"
"Croatia","Side impact","Yes"
"Croatia","Electronic stability control","Yes"
"Croatia","Pedestrian protection","Yes"
"Croatia","Child seats","Yes"
"Croatia","Motorcycle","Yes"
"Hungary","Seat-belts","Yes"
"Hungary","Seat-belt anchorages","Yes"
"Hungary","Frontal impact","Yes"
"Hungary","Side impact","Yes"
"Hungary","Electronic stability control","Yes"
"Hungary","Pedestrian protection","Yes"
"Hungary","Child seats","Yes"
"Hungary","Motorcycle","Yes"
"Ireland","Seat-belts","Yes"
"Ireland","Seat-belt anchorages","Yes"
"Ireland","Frontal impact","Yes"
"Ireland","Side impact","Yes"
"Ireland","Electronic stability control","Yes"
"Ireland","Pedestrian protection","Yes"
"Ireland","Child seats","Yes"
"Ireland","Motorcycle","Yes"
"Iceland","Seat-belts","Yes"
"Iceland","Seat-belt anchorages","Yes"
"Iceland","Frontal impact","Yes"
"Iceland","Side impact","Yes"
"Iceland","Electronic stability control","Yes"
"Iceland","Pedestrian protection","Yes"
"Iceland","Child seats","Yes"
"Iceland","Motorcycle","Yes"
"Israel","Seat-belts","Yes"
"Israel","Seat-belt anchorages","Yes"
"Israel","Frontal impact","Yes"
"Israel","Side impact","Yes"
"Israel","Electronic stability control","Yes"
"Israel","Pedestrian protection","No"
"Israel","Child seats","Yes"
"Israel","Motorcycle","No"
"Italy","Seat-belts","Yes"
"Italy","Seat-belt anchorages","Yes"
"Italy","Frontal impact","Yes"
"Italy","Side impact","Yes"
"Italy","Electronic stability control","Yes"
"Italy","Pedestrian protection","Yes"
"Italy","Child seats","Yes"
"Italy","Motorcycle","Yes"
"Kazakhstan","Seat-belts","No"
"Kazakhstan","Seat-belt anchorages","No"
"Kazakhstan","Frontal impact","No"
"Kazakhstan","Side impact","No"
"Kazakhstan","Electronic stability control","No"
"Kazakhstan","Pedestrian protection","No"
"Kazakhstan","Child seats","No"
"Kazakhstan","Motorcycle","No"
"Kyrgyzstan","Seat-belts","No"
"Kyrgyzstan","Seat-belt anchorages","No"
"Kyrgyzstan","Frontal impact","No"
"Kyrgyzstan","Side impact","No"
"Kyrgyzstan","Electronic stability control","No"
"Kyrgyzstan","Pedestrian protection","No"
"Kyrgyzstan","Child seats","No"
"Kyrgyzstan","Motorcycle","No"
"Lithuania","Seat-belts","Yes"
"Lithuania","Seat-belt anchorages","Yes"
"Lithuania","Frontal impact","Yes"
"Lithuania","Side impact","Yes"
"Lithuania","Electronic stability control","Yes"
"Lithuania","Pedestrian protection","Yes"
"Lithuania","Child seats","Yes"
"Lithuania","Motorcycle","Yes"
"Luxembourg","Seat-belts","Yes"
"Luxembourg","Seat-belt anchorages","Yes"
"Luxembourg","Frontal impact","Yes"
"Luxembourg","Side impact","Yes"
"Luxembourg","Electronic stability control","Yes"
"Luxembourg","Pedestrian protection","Yes"
"Luxembourg","Child seats","Yes"
"Luxembourg","Motorcycle","Yes"
"Latvia","Seat-belts","Yes"
"Latvia","Seat-belt anchorages","Yes"
"Latvia","Frontal impact","Yes"
"Latvia","Side impact","Yes"
"Latvia","Electronic stability control","Yes"
"Latvia","Pedestrian protection","Yes"
"Latvia","Child seats","Yes"
"Latvia","Motorcycle","Yes"
"Republic of Moldova","Seat-belts","No"
"Republic of Moldova","Seat-belt anchorages","No"
"Republic of Moldova","Frontal impact","No"
"Republic of Moldova","Side impact","No"
"Republic of Moldova","Electronic stability control","No"
"Republic of Moldova","Pedestrian protection","No"
"Republic of Moldova","Child seats","No"
"Republic of Moldova","Motorcycle","No"
"North Macedonia","Seat-belts","No"
"North Macedonia","Seat-belt anchorages","No"
"North Macedonia","Frontal impact","No"
"North Macedonia","Side impact","No"
"North Macedonia","Electronic stability control","No"
"North Macedonia","Pedestrian protection","No"
"North Macedonia","Child seats","No"
"North Macedonia","Motorcycle","No"
"Malta","Seat-belts","Yes"
"Malta","Seat-belt anchorages","Yes"
"Malta","Frontal impact","Yes"
"Malta","Side impact","Yes"
"Malta","Electronic stability control","Yes"
"Malta","Pedestrian protection","Yes"
"Malta","Child seats","Yes"
"Malta","Motorcycle","Yes"
"Montenegro","Seat-belts","No"
"Montenegro","Seat-belt anchorages","No"
"Montenegro","Frontal impact","No"
"Montenegro","Side impact","No"
"Montenegro","Electronic stability control","No"
"Montenegro","Pedestrian protection","No"
"Montenegro","Child seats","No"
"Montenegro","Motorcycle","No"
"Netherlands (Kingdom of the)","Seat-belts","Yes"
"Netherlands (Kingdom of the)","Seat-belt anchorages","Yes"
"Netherlands (Kingdom of the)","Frontal impact","Yes"
"Netherlands (Kingdom of the)","Side impact","Yes"
"Netherlands (Kingdom of the)","Electronic stability control","Yes"
"Netherlands (Kingdom of the)","Pedestrian protection","Yes"
"Netherlands (Kingdom of the)","Child seats","Yes"
"Netherlands (Kingdom of the)","Motorcycle","Yes"
"Norway","Seat-belts","Yes"
"Norway","Seat-belt anchorages","Yes"
"Norway","Frontal impact","Yes"
"Norway","Side impact","Yes"
"Norway","Electronic stability control","Yes"
"Norway","Pedestrian protection","Yes"
"Norway","Child seats","Yes"
"Norway","Motorcycle","Yes"
"Poland","Seat-belts","Yes"
"Poland","Seat-belt anchorages","Yes"
"Poland","Frontal impact","Yes"
"Poland","Side impact","Yes"
"Poland","Electronic stability control","Yes"
"Poland","Pedestrian protection","Yes"
"Poland","Child seats","Yes"
"Poland","Motorcycle","Yes"
"Portugal","Seat-belts","Yes"
"Portugal","Seat-belt anchorages","Yes"
"Portugal","Frontal impact","Yes"
"Portugal","Side impact","Yes"
"Portugal","Electronic stability control","Yes"
"Portugal","Pedestrian protection","Yes"
"Portugal","Child seats","Yes"
"Portugal","Motorcycle","Yes"
"Romania","Seat-belts","Yes"
"Romania","Seat-belt anchorages","Yes"
"Romania","Frontal impact","Yes"
"Romania","Side impact","Yes"
"Romania","Electronic stability control","Yes"
"Romania","Pedestrian protection","Yes"
"Romania","Child seats","Yes"
"Romania","Motorcycle","Yes"
"Russian Federation","Seat-belts","Yes"
"Russian Federation","Seat-belt anchorages","Yes"
"Russian Federation","Frontal impact","Yes"
"Russian Federation","Side impact","Yes"
"Russian Federation","Electronic stability control","Yes"
"Russian Federation","Pedestrian protection","Yes"
"Russian Federation","Child seats","Yes"
"Russian Federation","Motorcycle","No"
"San Marino","Seat-belts","Yes"
"San Marino","Seat-belt anchorages","Yes"
"San Marino","Frontal impact","Yes"
"San Marino","Side impact","Yes"
"San Marino","Electronic stability control","Yes"
"San Marino","Pedestrian protection","Yes"
"San Marino","Child seats","Yes"
"San Marino","Motorcycle","No"
"Serbia","Seat-belts","No"
"Serbia","Seat-belt anchorages","No"
"Serbia","Frontal impact","No"
"Serbia","Side impact","No"
"Serbia","Electronic stability control","No"
"Serbia","Pedestrian protection","No"
"Serbia","Child seats","No"
"Serbia","Motorcycle","No"
"Slovakia","Seat-belts","Yes"
"Slovakia","Seat-belt anchorages","Yes"
"Slovakia","Frontal impact","Yes"
"Slovakia","Side impact","Yes"
"Slovakia","Electronic stability control","Yes"
"Slovakia","Pedestrian protection","Yes"
"Slovakia","Child seats","Yes"
"Slovakia","Motorcycle","Yes"
"Slovenia","Seat-belts","Yes"
"Slovenia","Seat-belt anchorages","Yes"
"Slovenia","Frontal impact","Yes"
"Slovenia","Side impact","Yes"
"Slovenia","Electronic stability control","Yes"
"Slovenia","Pedestrian protection","Yes"
"Slovenia","Child seats","Yes"
"Slovenia","Motorcycle","Yes"
"Sweden","Seat-belts","Yes"
"Sweden","Seat-belt anchorages","Yes"
"Sweden","Frontal impact","Yes"
"Sweden","Side impact","Yes"
"Sweden","Electronic stability control","Yes"
"Sweden","Pedestrian protection","Yes"
"Sweden","Child seats","Yes"
"Sweden","Motorcycle","Yes"
"Tajikistan","Seat-belts","No"
"Tajikistan","Seat-belt anchorages","No"
"Tajikistan","Frontal impact","No"
"Tajikistan","Side impact","No"
"Tajikistan","Electronic stability control","No"
"Tajikistan","Pedestrian protection","No"
"Tajikistan","Child seats","No"
"Tajikistan","Motorcycle","No"
"Turkmenistan","Seat-belts","No"
"Turkmenistan","Seat-belt anchorages","No"
"Turkmenistan","Frontal impact","No"
"Turkmenistan","Side impact","No"
"Turkmenistan","Electronic stability control","No"
"Turkmenistan","Pedestrian protection","No"
"Turkmenistan","Child seats","No"
"Turkmenistan","Motorcycle","No"
"Türkiye","Seat-belts","Yes"
"Türkiye","Seat-belt anchorages","Yes"
"Türkiye","Frontal impact","Yes"
"Türkiye","Side impact","Yes"
"Türkiye","Electronic stability control","Yes"
"Türkiye","Pedestrian protection","Yes"
"Türkiye","Child seats","Yes"
"Türkiye","Motorcycle","No"
"Ukraine","Seat-belts","No"
"Ukraine","Seat-belt anchorages","No"
"Ukraine","Frontal impact","No"
"Ukraine","Side impact","No"
"Ukraine","Electronic stability control","No"
"Ukraine","Pedestrian protection","No"
"Ukraine","Child seats","No"
"Ukraine","Motorcycle","No"
"Uzbekistan","Seat-belts","No"
"Uzbekistan","Seat-belt anchorages","No"
"Uzbekistan","Frontal impact","No"
"Uzbekistan","Side impact","No"
"Uzbekistan","Electronic stability control","No"
"Uzbekistan","Pedestrian protection","No"
"Uzbekistan","Child seats","No"
"Uzbekistan","Motorcycle","No"
"Bangladesh","Seat-belts","No"
"Bangladesh","Seat-belt anchorages","No"
"Bangladesh","Frontal impact","No"
"Bangladesh","Side impact","No"
"Bangladesh","Electronic stability control","No"
"Bangladesh","Pedestrian protection","No"
"Bangladesh","Child seats","No"
"Bangladesh","Motorcycle","No"
"Bhutan","Seat-belts","No"
"Bhutan","Seat-belt anchorages","No"
"Bhutan","Frontal impact","No"
"Bhutan","Side impact","No"
"Bhutan","Electronic stability control","No"
"Bhutan","Pedestrian protection","No"
"Bhutan","Child seats","No"
"Bhutan","Motorcycle","No"
"India","Seat-belts","Yes"
"India","Seat-belt anchorages","Yes"
"India","Frontal impact","Yes"
"India","Side impact","Yes"
"India","Electronic stability control","No"
"India","Pedestrian protection","Yes"
"India","Child seats","No"
"India","Motorcycle","Yes"
"Sri Lanka","Seat-belts","No"
"Sri Lanka","Seat-belt anchorages","No"
"Sri Lanka","Frontal impact","No"
"Sri Lanka","Side impact","No"
"Sri Lanka","Electronic stability control","No"
"Sri Lanka","Pedestrian protection","No"
"Sri Lanka","Child seats","No"
"Sri Lanka","Motorcycle","No"
"Maldives","Seat-belts","No"
"Maldives","Seat-belt anchorages","No"
"Maldives","Frontal impact","No"
"Maldives","Side impact","No"
"Maldives","Electronic stability control","No"
"Maldives","Pedestrian protection","No"
"Maldives","Child seats","No"
"Maldives","Motorcycle","No"
"Myanmar","Seat-belts","No"
"Myanmar","Seat-belt anchorages","No"
"Myanmar","Frontal impact","No"
"Myanmar","Side impact","No"
"Myanmar","Electronic stability control","No"
"Myanmar","Pedestrian protection","No"
"Myanmar","Child seats","No"
"Myanmar","Motorcycle","No"
"Nepal","Seat-belts","No"
"Nepal","Seat-belt anchorages","No"
"Nepal","Frontal impact","No"
"Nepal","Side impact","No"
"Nepal","Electronic stability control","No"
"Nepal","Pedestrian protection","No"
"Nepal","Child seats","No"
"Nepal","Motorcycle","No"
"Thailand","Seat-belts","Yes"
"Thailand","Seat-belt anchorages","Yes"
"Thailand","Frontal impact","No"
"Thailand","Side impact","No"
"Thailand","Electronic stability control","No"
"Thailand","Pedestrian protection","Yes"
"Thailand","Child seats","No"
"Thailand","Motorcycle","No"
"Timor-Leste","Seat-belts","No"
"Timor-Leste","Seat-belt anchorages","No"
"Timor-Leste","Frontal impact","No"
"Timor-Leste","Side impact","No"
"Timor-Leste","Electronic stability control","No"
"Timor-Leste","Pedestrian protection","No"
"Timor-Leste","Child seats","No"
"Timor-Leste","Motorcycle","No"
"Australia","Seat-belts","Yes"
"Australia","Seat-belt anchorages","Yes"
"Australia","Frontal impact","Yes"
"Australia","Side impact","Yes"
"Australia","Electronic stability control","Yes"
"Australia","Pedestrian protection","Yes"
"Australia","Child seats","No"
"Australia","Motorcycle","Yes"
"China","Seat-belts","Yes"
"China","Seat-belt anchorages","Yes"
"China","Frontal impact","Yes"
"China","Side impact","Yes"
"China","Electronic stability control","No"
"China","Pedestrian protection","No"
"China","Child seats","No"
"China","Motorcycle","No"
"Cook Islands","Seat-belts","No"
"Cook Islands","Seat-belt anchorages","No"
"Cook Islands","Frontal impact","No"
"Cook Islands","Side impact","No"
"Cook Islands","Electronic stability control","No"
"Cook Islands","Pedestrian protection","No"
"Cook Islands","Child seats","No"
"Cook Islands","Motorcycle","No"
"Fiji","Seat-belts","No"
"Fiji","Seat-belt anchorages","No"
"Fiji","Frontal impact","No"
"Fiji","Side impact","No"
"Fiji","Electronic stability control","No"
"Fiji","Pedestrian protection","No"
"Fiji","Child seats","No"
"Fiji","Motorcycle","No"
"Micronesia (Federated States of)","Seat-belts","No"
"Micronesia (Federated States of)","Seat-belt anchorages","No"
"Micronesia (Federated States of)","Frontal impact","No"
"Micronesia (Federated States of)","Side impact","No"
"Micronesia (Federated States of)","Electronic stability control","No"
"Micronesia (Federated States of)","Pedestrian protection","No"
"Micronesia (Federated States of)","Child seats","No"
"Micronesia (Federated States of)","Motorcycle","No"
"Indonesia","Seat-belts","No"
"Indonesia","Seat-belt anchorages","No"
"Indonesia","Frontal impact","No"
"Indonesia","Side impact","No"
"Indonesia","Electronic stability control","No"
"Indonesia","Pedestrian protection","No"
"Indonesia","Child seats","No"
"Indonesia","Motorcycle","No"
"Japan","Seat-belts","Yes"
"Japan","Seat-belt anchorages","Yes"
"Japan","Frontal impact","Yes"
"Japan","Side impact","Yes"
"Japan","Electronic stability control","Yes"
"Japan","Pedestrian protection","Yes"
"Japan","Child seats","Yes"
"Japan","Motorcycle","Yes"
"Cambodia","Seat-belts","No"
"Cambodia","Seat-belt anchorages","No"
"Cambodia","Frontal impact","No"
"Cambodia","Side impact","No"
"Cambodia","Electronic stability control","No"
"Cambodia","Pedestrian protection","No"
"Cambodia","Child seats","No"
"Cambodia","Motorcycle","No"
"Kiribati","Seat-belts","No"
"Kiribati","Seat-belt anchorages","No"
"Kiribati","Frontal impact","No"
"Kiribati","Side impact","No"
"Kiribati","Electronic stability control","No"
"Kiribati","Pedestrian protection","No"
"Kiribati","Child seats","No"
"Kiribati","Motorcycle","No"
"Republic of Korea","Seat-belts","Yes"
"Republic of Korea","Seat-belt anchorages","Yes"
"Republic of Korea","Frontal impact","Yes"
"Republic of Korea","Side impact","Yes"
"Republic of Korea","Electronic stability control","Yes"
"Republic of Korea","Pedestrian protection","Yes"
"Republic of Korea","Child seats","Yes"
"Republic of Korea","Motorcycle","No"
"Lao People's Democratic Republic","Seat-belts","No"
"Lao People's Democratic Republic","Seat-belt anchorages","No"
"Lao People's Democratic Republic","Frontal impact","No"
"Lao People's Democratic Republic","Side impact","No"
"Lao People's Democratic Republic","Electronic stability control","No"
"Lao People's Democratic Republic","Pedestrian protection","No"
"Lao People's Democratic Republic","Child seats","No"
"Lao People's Democratic Republic","Motorcycle","No"
"Mongolia","Seat-belts","No"
"Mongolia","Seat-belt anchorages","No"
"Mongolia","Frontal impact","No"
"Mongolia","Side impact","No"
"Mongolia","Electronic stability control","No"
"Mongolia","Pedestrian protection","No"
"Mongolia","Child seats","No"
"Mongolia","Motorcycle","No"
"Malaysia","Seat-belts","Yes"
"Malaysia","Seat-belt anchorages","Yes"
"Malaysia","Frontal impact","Yes"
"Malaysia","Side impact","Yes"
"Malaysia","Electronic stability control","Yes"
"Malaysia","Pedestrian protection","Yes"
"Malaysia","Child seats","Yes"
"Malaysia","Motorcycle","No"
"New Zealand","Seat-belts","Yes"
"New Zealand","Seat-belt anchorages","Yes"
"New Zealand","Frontal impact","Yes"
"New Zealand","Side impact","Yes"
"New Zealand","Electronic stability control","Yes"
"New Zealand","Pedestrian protection","Yes"
"New Zealand","Child seats","Yes"
"New Zealand","Motorcycle","No"
"Philippines","Seat-belts","No"
"Philippines","Seat-belt anchorages","No"
"Philippines","Frontal impact","No"
"Philippines","Side impact","No"
"Philippines","Electronic stability control","No"
"Philippines","Pedestrian protection","No"
"Philippines","Child seats","No"
"Philippines","Motorcycle","No"
"Papua New Guinea","Seat-belts","No"
"Papua New Guinea","Seat-belt anchorages","No"
"Papua New Guinea","Frontal impact","No"
"Papua New Guinea","Side impact","No"
"Papua New Guinea","Electronic stability control","No"
"Papua New Guinea","Pedestrian protection","No"
"Papua New Guinea","Child seats","No"
"Papua New Guinea","Motorcycle","No"
"Singapore","Seat-belts","No"
"Singapore","Seat-belt anchorages","No"
"Singapore","Frontal impact","No"
"Singapore","Side impact","No"
"Singapore","Electronic stability control","No"
"Singapore","Pedestrian protection","No"
"Singapore","Child seats","No"
"Singapore","Motorcycle","No"
"Solomon Islands","Seat-belts","No"
"Solomon Islands","Seat-belt anchorages","No"
"Solomon Islands","Frontal impact","No"
"Solomon Islands","Side impact","No"
"Solomon Islands","Electronic stability control","No"
"Solomon Islands","Pedestrian protection","No"
"Solomon Islands","Child seats","No"
"Solomon Islands","Motorcycle","No"
"Tonga","Seat-belts","No"
"Tonga","Seat-belt anchorages","No"
"Tonga","Frontal impact","No"
"Tonga","Side impact","No"
"Tonga","Electronic stability control","No"
"Tonga","Pedestrian protection","No"
"Tonga","Child seats","No"
"Tonga","Motorcycle","No"
"Viet Nam","Seat-belts","No"
"Viet Nam","Seat-belt anchorages","No"
"Viet Nam","Frontal impact","No"
"Viet Nam","Side impact","No"
"Viet Nam","Electronic stability control","No"
"Viet Nam","Pedestrian protection","No"
"Viet Nam","Child seats","No"
"Viet Nam","Motorcycle","No"
"Vanuatu","Seat-belts","No"
"Vanuatu","Seat-belt anchorages","No"
"Vanuatu","Frontal impact","No"
"Vanuatu","Side impact","No"
"Vanuatu","Electronic stability control","No"
"Vanuatu","Pedestrian protection","No"
"Vanuatu","Child seats","No"
"Vanuatu","Motorcycle","No"
"Samoa","Seat-belts","No"
"Samoa","Seat-belt anchorages","No"
"Samoa","Frontal impact","No"
"Samoa","Side impact","No"
"Samoa","Electronic stability control","No"
"Samoa","Pedestrian protection","No"
"Samoa","Child seats","No"
"Samoa","Motorcycle","No"
